epoch,train_loss,sec,Acc,Macro-F1,composite,MAE,Corr,P_neg,R_neg,F1_neg,P_neu,R_neu,F1_neu,P_pos,R_pos,F1_pos,miss03_Macro-F1,miss03_MAE,miss05_Macro-F1,miss05_MAE,bert_mode
1,3.474773751364814,24.309205293655396,0.4697802197802198,0.2994596932410169,0.3846199565106183,0.7054578065872192,0.4778444762118184,0.3402061855670068,0.1601941747572808,0.21782178217778114,0.235294117647045,0.02173913043478249,0.039800995024720384,0.49674267100977115,0.9023668639053227,0.640756302520549,0.25924059139760747,0.7316562533378601,0.2369580338509452,0.7495532035827637,freeze
2,2.7637722492218018,23.823439359664917,0.48626373626373626,0.26617543189081977,0.376219584077278,0.6924347281455994,0.5427564181505286,0.666666666666639,0.07766990291262098,0.13913043478242057,0.33333333333322224,0.0054347826086956225,0.010695187165743716,0.48074179743223894,0.9970414201183402,0.648700673724295,0.2183582620279595,0.7150353789329529,0.21138211382099345,0.7384235262870789,freeze
3,2.4341692438832037,25.70311427116394,0.5961538461538461,0.48179083575492593,0.5389723409543861,0.7271750569343567,0.6234884200104973,0.563909774436088,0.7281553398058217,0.6355932203384883,0.4399999999999824,0.05978260869565185,0.10526315789452523,0.6247139588100672,0.8076923076923053,0.7045161290317643,0.43737490029614934,0.7334293723106384,0.3788914631518498,0.7411044836044312,last2
4,2.202025667384819,26.170105934143066,0.6002747252747253,0.5612906426753839,0.5807826839750545,0.6527798771858215,0.6374752658487697,0.6177777777777751,0.6747572815533948,0.6450116009275723,0.3725490196078407,0.3097826086956505,0.3382789317502441,0.6885714285714266,0.7130177514792878,0.7005813953483353,0.5270058037878144,0.7090610265731812,0.48843268738689954,0.7377923130989075,last2
5,1.99705101163299,26.40128803253174,0.6208791208791209,0.5953127146174891,0.608095917748305,0.6023520827293396,0.6521460322597032,0.6864864864864828,0.6165048543689291,0.6496163682859432,0.4060913705583736,0.43478260869564983,0.4199475065611782,0.7080924855491308,0.724852071005915,0.7163742690053458,0.5496610669019463,0.6393540501594543,0.5183559333449584,0.6790637373924255,last2
6,1.914200175691534,26.665595769882202,0.6304945054945055,0.5966555377102224,0.6135750216023639,0.5937914252281189,0.6586531172702569,0.6313559322033871,0.7233009708737829,0.6742081447958793,0.4437086092715203,0.3641304347826067,0.3999999999995025,0.7126099706744846,0.7189349112426013,0.7157584683352857,0.5255789403546133,0.6430633664131165,0.5178944367362066,0.6720243096351624,last2
7,1.818619829637033,26.42134189605713,0.635989010989011,0.6103039973900463,0.6231465041895285,0.5906478762626648,0.658440688806747,0.6412556053811631,0.6941747572815501,0.6666666666661643,0.4571428571428545,0.43478260869564983,0.4456824512529798,0.7272727272727251,0.710059171597631,0.7185628742509949,0.5397692866315301,0.6464309692382812,0.5426720645028956,0.6780100464820862,last2
8,1.7682281997468736,26.49211072921753,0.6332417582417582,0.615191786532748,0.6242167723872531,0.5815316438674927,0.6663016425773846,0.6666666666666634,0.6601941747572784,0.6634146341458382,0.4466019417475707,0.4999999999999973,0.47179487179437096,0.7327044025157209,0.6893491124260334,0.7103658536580348,0.5505030960543483,0.6329065561294556,0.5295913771420357,0.669628381729126,last2
9,1.7087035995942574,26.55872106552124,0.6195054945054945,0.5947918062920093,0.607148650398752,0.6396724581718445,0.6641854532234802,0.7006369426751548,0.5339805825242693,0.6060606060601118,0.42009132420091133,0.4999999999999973,0.45657568238163554,0.7073863636363615,0.7366863905325421,0.7217391304342806,0.5500815956807058,0.6769983768463135,0.5294234320815154,0.7107024192810059,last2
10,1.6963567424703527,26.665363073349,0.6318681318681318,0.6132667873622882,0.62256745961521,0.5854719281196594,0.6624789278820139,0.6371681415929176,0.6990291262135888,0.6666666666661647,0.4494949494949472,0.4836956521739104,0.46596858638693284,0.7467105263157869,0.6715976331360927,0.707165109033767,0.5553024853023766,0.6503958106040955,0.5368778663284064,0.6959680318832397,last2
11,1.692402437881187,26.53376317024231,0.6277472527472527,0.6150436198230397,0.6213954362851462,0.6597886681556702,0.6604715612176565,0.6733668341708509,0.6504854368932007,0.6617283950612252,0.43859649122806826,0.5434782608695623,0.4854368932033869,0.7408637873754128,0.6597633136094655,0.6979655712045073,0.5592033732044981,0.7373340129852295,0.5586768180350226,0.7837935090065002,last2
12,1.654045683366281,24.25162672996521,0.603021978021978,0.6009714008546886,0.6019966894383333,0.5779687166213989,0.6670755271695041,0.6634146341463383,0.6601941747572784,0.6618004866175016,0.4035714285714271,0.6141304347826054,0.48706896551676065,0.7818930041152231,0.5621301775147912,0.6540447504298036,0.5423528568683637,0.640100359916687,0.5313875353439701,0.6777154207229614,last2
13,1.666921008516241,25.85578751564026,0.6346153846153846,0.6153549788564467,0.6249851817359157,0.6471790075302124,0.6614112085568271,0.6666666666666633,0.6310679611650455,0.6483790523685744,0.4541062801932345,0.5108695652173886,0.48081841432175,0.7300613496932492,0.7041420118343173,0.7168674698790158,0.5469790383830858,0.6823660135269165,0.5434992638176857,0.7092493176460266,last2
14,1.5836277383345145,26.46560549736023,0.6291208791208791,0.6062313823783878,0.6176761307496335,0.6441546678543091,0.6525224895760109,0.668449197860959,0.6067961165048514,0.6361323155211264,0.4494949494949472,0.4836956521739104,0.46596858638693284,0.7113702623906685,0.7218934911242582,0.7165932452271043,0.5526065369372493,0.6837770938873291,0.544760358660385,0.7152740359306335,last2
15,1.555795689423879,26.291548490524292,0.6181318681318682,0.6022254507700923,0.6101786594509802,0.6183707118034363,0.6580330379741272,0.6249999999999973,0.7038834951456276,0.6621004566205033,0.4384236453201949,0.4836956521739104,0.4599483204129356,0.7372013651877107,0.6390532544378679,0.6846275752768378,0.53135256131592,0.6712512969970703,0.5369259363819611,0.7024280428886414,last2
16,1.5483584470219083,26.37911581993103,0.625,0.5965009596567782,0.6107504798283891,0.6376582384109497,0.6480537214592518,0.6649746192893368,0.6359223300970843,0.6501240694784052,0.4523809523809497,0.41304347826086735,0.43181818181768045,0.6831955922864994,0.7337278106508853,0.7075606276742489,0.5517843767373201,0.6775094270706177,0.5360910563758328,0.7091159224510193,last2
17,1.4908836638485943,26.563634395599365,0.614010989010989,0.5822211504517264,0.5981160697313577,0.6409720778465271,0.6282982572686209,0.6723163841807872,0.5776699029126185,0.6214099216705179,0.4431137724550872,0.4021739130434761,0.42165242165192046,0.6614583333333316,0.7514792899408261,0.703601108032741,0.5514637987590192,0.6724255681037903,0.5199057115718779,0.7148810625076294,last2
18,1.511189838250478,26.417011499404907,0.6057692307692307,0.5912123524804592,0.598490791624845,0.6362183690071106,0.6350403893011375,0.71710526315789,0.5291262135922304,0.6089385474855413,0.4186991869918682,0.5597826086956491,0.4790697674413686,0.6939393939393917,0.6775147928994062,0.6856287425144679,0.5402283508877015,0.6753280758857727,0.5126328939402813,0.7225498557090759,last2
19,1.4537564869280215,26.620291233062744,0.6387362637362637,0.6059695688251677,0.6223529162807158,0.6899474263191223,0.6483581746202204,0.6507177033492793,0.6601941747572784,0.6554216867464848,0.5255474452554706,0.39130434782608486,0.44859813084062944,0.6727748691099459,0.7603550295857965,0.7138888888883888,0.5391453855121449,0.7292154431343079,0.5345100995265494,0.7857824563980103,last2
20,1.456847486672578,26.389324426651,0.6016483516483516,0.5970530851477872,0.5993507183980694,0.631786048412323,0.65459453461039,0.6858638743455462,0.6359223300970843,0.6599496221657443,0.39849624060150224,0.576086956521736,0.47111111111062565,0.7416974169741669,0.5946745562130159,0.6600985221669914,0.545431271237224,0.699435293674469,0.539299289209858,0.7575713992118835,last2
21,1.446536194395136,26.490094900131226,0.6181318681318682,0.5980306501590419,0.608081259145455,0.6383718848228455,0.6531907807995393,0.6497695852534533,0.6844660194174724,0.6666666666661638,0.4315789473684188,0.44565217391304107,0.4385026737962892,0.7071651090342657,0.6715976331360927,0.6889226100146727,0.5292677731448423,0.6851725578308105,0.5235461043489281,0.7239071130752563,last2
